maxtemp_c,mintemp_c,maxwind_mph,totalprecip_mm,avgvis_km,avghumidity,uv_index,year,month,dayofyear,season,temp_range,Predicted Avg Temp,country,governorate,date
24.029410249912978,13.61166225853578,13.743003642566425,1.5809075761977343,10.0,56.544858109104865,6.6981848674483,2025,1,22,0,13.153333555368551,18.114999999999995,Iraq,Baghdad,2025-01-22
32.28671586973929,17.17652011426541,16.050013189438502,2.0628965615680164,10.0,71.53239422316422,8.627032851553983,2025,1,23,0,14.044644372267854,24.150000000000013,Iraq,Baghdad,2025-01-23
27.39627038088226,20.595346463719704,9.003504235510867,4.128597505807212,10.0,40.25193626591282,6.5317505178834345,2025,1,24,0,9.308658556068394,23.759999999999994,Iraq,Baghdad,2025-01-24
21.855683098213646,17.539511147015745,11.92115796426583,9.901862277549704,10.0,76.47581962596664,5.817368520094098,2025,1,25,0,10.689797471936918,19.652999999999995,Iraq,Baghdad,2025-01-25
23.21791193289101,23.534058225766792,7.806864198967592,6.628928918938952,10.0,42.68633435758299,1.8764132971398373,2025,1,26,0,9.844909897986694,23.829,Iraq,Baghdad,2025-01-26
28.048805362602216,21.640732595151412,13.420425998228303,8.262073177455417,10.0,41.956708940104384,4.428562512022972,2025,1,27,0,6.1887624387059335,24.415,Iraq,Baghdad,2025-01-27
34.12811098758247,21.123459953875333,18.46407334393553,9.711046204833742,10.0,77.24568870486337,2.639337142262097,2025,1,28,0,5.505475078752395,26.709000000000028,Iraq,Baghdad,2025-01-28
32.16673795539801,23.627469762741647,13.538239823171716,3.650707442003008,10.0,30.04730858284679,2.5296677395481635,2025,1,22,0,8.399257574818655,27.30799999999999,Iraq,Basra,2025-01-22
33.09340301734119,17.683747198086557,9.860563595086543,4.545087522662177,10.0,75.90855408702467,8.934269251326945,2025,1,23,0,12.87643102891583,24.973000000000003,Iraq,Basra,2025-01-23
21.405877751234318,10.798747103311012,15.431304914455117,8.02716544617184,10.0,79.13687023768236,2.323385314038522,2025,1,24,0,9.8989569023147,15.452000000000004,Iraq,Basra,2025-01-24
38.41323440622546,16.203762901688595,14.384852525055292,4.149444660411592,10.0,77.65921656561082,9.590623548077383,2025,1,25,0,7.817176981762552,27.501000000000005,Iraq,Basra,2025-01-25
31.150423601764906,24.176018258171744,6.210062680315669,7.090835795763653,10.0,72.09447288008698,2.0711519272323566,2025,1,26,0,12.435127849139986,27.247999999999994,Iraq,Basra,2025-01-26
38.83566060761088,14.427228058336294,17.25637394929663,4.649932608666017,10.0,69.65610473257277,6.250562407623083,2025,1,27,0,14.86613997541266,27.600000000000005,Iraq,Basra,2025-01-27
38.32509479606548,21.81325989209237,15.61463078327015,2.6208547801885675,10.0,70.88412864931033,9.120952492912833,2025,1,28,0,7.32883538347103,29.052000000000007,Iraq,Basra,2025-01-28
31.794566986581025,10.771330047753167,12.15310188926399,8.226124055663986,10.0,56.132907809652245,1.8483613900857947,2025,1,22,0,10.97767643935571,21.034999999999997,Iraq,Nineveh,2025-01-22
29.39985665851468,11.69761413915867,16.19338819688313,6.617724496555406,10.0,33.98694871017407,2.54811898717192,2025,1,23,0,6.0520742628132504,19.698000000000004,Iraq,Nineveh,2025-01-23
34.58417619684804,12.069446600255697,6.208542655316286,2.1675497534886743,10.0,64.99202397749795,1.6463120563629245,2025,1,24,0,5.2295516657128776,22.233,Iraq,Nineveh,2025-01-24
20.149755385532085,22.3729903877543,5.385577442870867,5.488783778307674,10.0,30.17112678757088,2.62464141834372,2025,1,25,0,9.81856281080242,22.861999999999995,Iraq,Nineveh,2025-01-25
37.89823772765196,21.48469807005312,19.67763545712843,6.899353809619154,10.0,65.66481843122057,7.60187688618004,2025,1,26,0,5.630776299474932,28.60200000000001,Iraq,Nineveh,2025-01-26
33.183968626257766,18.075509013432253,18.278238662521797,4.691298518728403,10.0,52.03508387878712,7.767806576562253,2025,1,27,0,13.006554432653875,24.840999999999998,Iraq,Nineveh,2025-01-27
22.197924639373863,18.075634067347387,15.164411635258126,4.792802548616787,10.0,49.918302399004574,3.500598674042496,2025,1,28,0,10.319859738275682,20.121000000000002,Iraq,Nineveh,2025-01-28
23.79003759124516,15.206457310026055,8.280286731874458,7.451668285412784,10.0,77.34498628561055,3.5483727454826663,2025,1,22,0,7.6610805697663,19.217999999999996,Iraq,Diyala,2025-01-22
33.98268257982761,15.595363608846625,14.255361348298454,5.412135983791303,10.0,55.95638351379151,5.052144694513222,2025,1,23,0,5.109990972761999,24.19899999999999,Iraq,Diyala,2025-01-23
30.44825593884676,11.123614189656307,13.183820267776111,7.113300539239166,10.0,71.98595197880003,7.682078930764938,2025,1,24,0,10.884224415026809,20.013999999999996,Iraq,Diyala,2025-01-24
25.991134502647565,20.067508220423242,9.346222228392481,6.39163562761869,10.0,79.54781104340096,1.7922873382694107,2025,1,25,0,9.50690745853533,23.019000000000002,Iraq,Diyala,2025-01-25
34.80004438488938,11.171307737396496,14.294271362821716,1.7602222034593928,10.0,67.05185917810422,9.014702128746734,2025,1,26,0,14.947742562954097,21.732999999999997,Iraq,Diyala,2025-01-26
38.84154629510996,22.933979810830444,7.982014759201732,8.23141719301773,10.0,43.726145349375194,5.375457290970262,2025,1,27,0,12.37321893718504,30.168999999999993,Iraq,Diyala,2025-01-27
30.92279114003629,22.251220303872373,6.771762118284432,4.925324420834933,10.0,54.671445711867165,6.005738595538662,2025,1,28,0,13.174772721651554,26.172000000000008,Iraq,Diyala,2025-01-28
28.18719835162336,12.291775517824691,17.678040061964207,7.763094192356833,10.0,53.55106374398936,1.3006877221160509,2025,1,22,0,8.636123478359995,19.242,Iraq,Salah al-Din,2025-01-22
36.68801227588006,23.01599123134306,13.557844365058306,4.8400275954057825,10.0,62.96542701423133,5.065516468484468,2025,1,23,0,8.431658740100302,29.226999999999986,Iraq,Salah al-Din,2025-01-23
39.03765690253538,20.439641561886017,15.462338960263025,2.9049605682685007,10.0,73.2538072245305,1.9104987732170264,2025,1,24,0,13.686399861928951,28.95200000000001,Iraq,Salah al-Din,2025-01-24
20.568527688299866,12.779966194550072,15.81840089299019,8.642993957135527,10.0,51.78035409416506,8.815502700390983,2025,1,25,0,11.50677864376004,16.299000000000007,Iraq,Salah al-Din,2025-01-25
25.066826237778432,23.26062641055941,15.652914704771861,4.674520848345736,10.0,42.38770055012729,5.83618765873189,2025,1,26,0,12.179196384259757,24.375,Iraq,Salah al-Din,2025-01-26
29.43401672243506,21.11271513302031,17.251511581115537,3.987717628407992,10.0,71.72944789168145,2.775353167817855,2025,1,27,0,7.504625974810928,24.835999999999995,Iraq,Salah al-Din,2025-01-27
33.66606268573031,12.170648402684101,18.20574293256863,7.929838406535925,10.0,31.660197157709515,3.2911522901223424,2025,1,28,0,11.464287352775091,22.759999999999994,Iraq,Salah al-Din,2025-01-28
34.91969258521569,16.02299035794427,5.169719001755141,1.900378643062457,10.0,37.75717748254556,9.435507729473573,2025,1,22,0,8.089786673179535,25.320999999999994,Iraq,Kirkuk,2025-01-22
39.798143211456406,21.920211150696318,11.809781094428951,0.008934149714185935,10.0,40.52553055000019,6.369963509809997,2025,1,23,0,10.576572362420382,30.247000000000007,Iraq,Kirkuk,2025-01-23
20.92048958326879,19.830842713806867,17.25885653359543,9.561758681842287,10.0,47.59124313832798,2.6361022747199074,2025,1,24,0,12.309370269488406,20.454999999999995,Iraq,Kirkuk,2025-01-24
39.47247105815829,12.851922581099117,12.572326590342108,4.307209102859205,10.0,72.58587321744915,1.689776330225623,2025,1,25,0,7.0707508359276545,27.64500000000001,Iraq,Kirkuk,2025-01-25
21.90401674042983,21.83864317278129,12.445587305834657,5.362123168342463,10.0,72.02330069181059,6.316273623035316,2025,1,26,0,10.08705789859669,22.285000000000014,Iraq,Kirkuk,2025-01-26
33.910626262332556,19.18760520314314,15.93369247525301,2.345345715999818,10.0,78.61770778905785,5.30886205551886,2025,1,27,0,5.770374502273516,25.512000000000008,Iraq,Kirkuk,2025-01-27
32.13896950060886,17.296721796500474,13.726291119149762,6.468252132156681,10.0,61.216546171125835,1.745315257580036,2025,1,28,0,8.935206282188016,24.118000000000006,Iraq,Kirkuk,2025-01-28
30.01366324561546,19.486204397476687,16.41943594008746,2.7047615000070344,10.0,40.31306988858694,2.794983550750623,2025,1,22,0,10.61215736196094,24.098000000000017,Iraq,Anbar,2025-01-22
30.04492273287086,18.08093555440356,6.646646516303504,9.857233589836786,10.0,74.48190988630948,9.704366227502042,2025,1,23,0,8.54117279514501,23.317000000000004,Iraq,Anbar,2025-01-23
23.546463691676824,13.694845960958954,13.556316594988989,5.787423583544809,10.0,69.18464257030888,7.564381194828339,2025,1,24,0,12.546347182351234,18.117000000000004,Iraq,Anbar,2025-01-24
27.951894896937794,24.76225696085936,8.22422431294125,4.8264586465395265,10.0,35.775432494887774,8.947388899676323,2025,1,25,0,10.872328821661624,26.22199999999999,Iraq,Anbar,2025-01-25
26.82050621280197,12.723987730228721,7.4538594058967895,2.5398561745198602,10.0,46.70403367137666,9.054390801165145,2025,1,26,0,5.315358566726646,19.24,Iraq,Anbar,2025-01-26
23.26767358189901,18.87409699993573,16.787272645072946,1.0645558367751262,10.0,46.67220040359966,5.500736173843007,2025,1,27,0,7.111687547314971,21.081999999999997,Iraq,Anbar,2025-01-27
30.290943288159088,19.25978917615739,17.71845259486809,7.473559469828396,10.0,70.1061145234028,3.406599812795136,2025,1,28,0,10.554121578412598,24.012000000000004,Iraq,Anbar,2025-01-28
25.84962206352646,16.796341818695492,5.233365105604947,5.3510592027991635,10.0,38.23523789939922,6.771630020237368,2025,1,22,0,5.704251549368022,20.967999999999996,Iraq,Erbil,2025-01-22
38.85495359750463,20.963630834937078,7.372713196234553,3.0510663932093163,10.0,62.99638434455936,9.552825748525516,2025,1,23,0,7.594587180160525,29.506999999999998,Iraq,Erbil,2025-01-23
35.24705563827342,21.334965029507728,9.13769219849955,9.720349029448975,10.0,40.06283005046385,4.302951720367141,2025,1,24,0,9.209213779723083,27.683999999999997,Iraq,Erbil,2025-01-24
23.90492011709101,21.640887966999426,12.18324095512534,0.774274812714616,10.0,76.90948725548435,6.800369236746454,2025,1,25,0,11.560457175735976,22.594999999999985,Iraq,Erbil,2025-01-25
32.65293919583628,12.813953447349116,18.922721389932427,4.010265552731287,10.0,42.211799710389776,1.9768090229536175,2025,1,26,0,6.353081796827072,22.361000000000008,Iraq,Erbil,2025-01-26
23.068749856878814,12.04149462015008,11.49287897882768,4.470066210838103,10.0,35.64475883449096,8.205326822665365,2025,1,27,0,7.968474456851116,17.137000000000004,Iraq,Erbil,2025-01-27
21.093489354052977,17.824522002827724,15.073835399545024,8.810068135650575,10.0,32.774312343279604,5.420715489331592,2025,1,28,0,7.006213488065035,19.499999999999993,Iraq,Erbil,2025-01-28
29.07860235288186,22.87630918417632,13.033337110688285,4.556866594911034,10.0,46.26441384126937,3.8548919246659183,2025,1,22,0,5.891344074339861,25.704000000000004,Iraq,Sulaymaniyah,2025-01-22
30.709715439533543,21.164797570080964,9.797072613614192,2.6044207261464036,10.0,71.37498267864123,2.25317577410817,2025,1,23,0,14.884579386531582,25.209999999999994,Iraq,Sulaymaniyah,2025-01-23
24.42058362947757,14.587062682256082,17.73828993272587,4.7131386587151844,10.0,43.973456260717505,1.6755790740125835,2025,1,24,0,9.677070996802804,18.767999999999997,Iraq,Sulaymaniyah,2025-01-24
31.241740699543005,15.4817374076381,6.615223340127148,0.6943221969829705,10.0,33.876771425109155,5.9794755301066305,2025,1,25,0,8.249203395689385,22.859999999999996,Iraq,Sulaymaniyah,2025-01-25
23.445177979082583,11.355968974552606,11.235417203696432,0.42608818054089115,10.0,76.56815978915867,1.3615897997654318,2025,1,26,0,12.813159061977348,16.686,Iraq,Sulaymaniyah,2025-01-26
32.394912522202,15.025738863191243,16.286865275794757,1.2987899106246104,10.0,64.3950618873179,3.911315796412621,2025,1,27,0,5.994331875194155,23.36699999999999,Iraq,Sulaymaniyah,2025-01-27
37.00173605149776,15.39888038892746,11.850185870509687,7.447762814351701,10.0,73.99501542180451,2.8121252248840687,2025,1,28,0,11.445200300393372,26.42199999999999,Iraq,Sulaymaniyah,2025-01-28
30.691717794108826,16.26616834495774,13.256222157552562,2.0060927216732027,10.0,44.32402820409963,6.537291490816477,2025,1,22,0,5.876550560949642,22.884999999999994,Iraq,Dohuk,2025-01-22
21.155893977448873,21.495515845849553,14.360642862933277,3.9580268686943896,10.0,49.81175441638713,9.738452498235258,2025,1,23,0,6.940250387852301,22.138000000000005,Iraq,Dohuk,2025-01-23
32.82239952098102,15.124999580290385,7.876317661942245,5.366357739411114,10.0,48.41472484110949,9.668488545283848,2025,1,24,0,9.64080701620626,23.61499999999999,Iraq,Dohuk,2025-01-24
39.14540022371504,21.56392399021772,6.635712450215625,8.308365220581587,10.0,42.44880872942902,3.7504863699043876,2025,1,25,0,5.090350109240083,30.03500000000001,Iraq,Dohuk,2025-01-25
33.52319201611129,15.379575975166436,10.869886849474113,1.1207016378854373,10.0,68.39652287007101,5.389296957425239,2025,1,26,0,12.937175803694522,23.694000000000006,Iraq,Dohuk,2025-01-26
39.06777438495392,22.00774499662723,9.531977214163202,4.05714899681918,10.0,66.10845993193857,8.094982988756385,2025,1,27,0,10.870300844124413,29.894000000000002,Iraq,Dohuk,2025-01-27
23.782621844941996,17.008904445826225,14.607830203310419,1.4777450217025623,10.0,38.76041805993831,3.6874958472858737,2025,1,28,0,9.639387154121126,20.223,Iraq,Dohuk,2025-01-28
31.676290075532826,14.878258794712828,9.262771815031721,0.6548913287577951,10.0,61.80345366290387,9.152942527608722,2025,1,22,0,13.30635158812583,22.681000000000008,Iraq,Maysan,2025-01-22
27.48871553320697,17.698688316882667,15.74944081803869,7.357201813158753,10.0,36.76856112834113,6.867908719644837,2025,1,23,0,12.436420439469035,22.287999999999997,Iraq,Maysan,2025-01-23
37.34210462503023,18.735777069981193,7.186027304395692,8.095265626099408,10.0,67.41142692067865,8.223882804355908,2025,1,24,0,7.706690047457166,27.20100000000002,Iraq,Maysan,2025-01-24
20.89421377098605,13.334490495534972,15.694625507430295,7.158090405074412,10.0,73.81461837803965,6.452566150189201,2025,1,25,0,13.10153678436077,16.399,Iraq,Maysan,2025-01-25
34.06854857694454,13.080181264982809,16.84002353987493,6.71023987495118,10.0,50.05099839119646,8.314822092860338,2025,1,26,0,14.623633179104417,22.938999999999997,Iraq,Maysan,2025-01-26
38.73521576968309,24.15726328736067,17.854543951824667,6.7106592749277265,10.0,69.49324701182097,4.475414077121195,2025,1,27,0,10.39184835361853,30.932000000000006,Iraq,Maysan,2025-01-27
33.12081541742764,11.797569164677325,8.013632543981203,4.876602420369968,10.0,55.54351576252618,2.975827545911418,2025,1,28,0,12.31237139377061,21.794999999999995,Iraq,Maysan,2025-01-28
39.02079030672053,20.30789022935265,11.524827613047142,4.59348228424497,10.0,38.58792467549474,8.27698030198254,2025,1,22,0,5.566963476569983,28.93500000000001,Iraq,Dhi Qar,2025-01-22
27.154413715101626,14.389140034195023,10.189334204429558,7.243424998904512,10.0,62.71662185742105,5.481914134210531,2025,1,23,0,14.949608559198534,20.121000000000002,Iraq,Dhi Qar,2025-01-23
24.185183332899157,24.92615892310362,16.985418550051744,3.2272307179123914,10.0,33.05895446887343,5.5814340525735915,2025,1,24,0,9.129827403918831,24.284000000000013,Iraq,Dhi Qar,2025-01-24
22.861073870124837,22.73237100784206,7.19332785344172,0.46450658636493225,10.0,70.69836233185957,7.055627717249402,2025,1,25,0,11.20887712558374,23.458,Iraq,Dhi Qar,2025-01-25
27.61457705330091,19.123689218034585,8.955176585174895,9.060455432474077,10.0,73.96138104726765,5.315690432935596,2025,1,26,0,5.695770305325263,22.973000000000006,Iraq,Dhi Qar,2025-01-26
25.769589810686284,17.71111478035727,9.057127772123186,5.959946016106406,10.0,40.86243412594916,3.7236377705005026,2025,1,27,0,11.96566027760202,21.592999999999996,Iraq,Dhi Qar,2025-01-27
26.36093911107411,22.27661962432461,7.803373216499983,0.4348027234244045,10.0,58.6401771178797,9.951672067059999,2025,1,28,0,5.164395544504479,24.25299999999999,Iraq,Dhi Qar,2025-01-28
32.88735460464624,22.159054039767817,9.106621809993147,5.446431114961527,10.0,47.63764766690765,1.139537479761716,2025,1,22,0,14.811065473651198,27.05300000000001,Iraq,Wasit,2025-01-22
27.529276241591226,14.588827140132182,8.235609817875275,4.578843990445329,10.0,60.32505715619066,3.2478420633139153,2025,1,23,0,11.928894566506,20.39699999999999,Iraq,Wasit,2025-01-23
32.421374052494734,12.155001700007986,18.15995806885742,5.232491764052569,10.0,58.111807717612365,4.051613383647048,2025,1,24,0,6.985806028162253,22.226000000000003,Iraq,Wasit,2025-01-24
20.183689072866358,24.40947527036265,12.866009037873926,3.399916175797104,10.0,72.74911003555275,7.0863188597972355,2025,1,25,0,5.698546486790975,24.235000000000014,Iraq,Wasit,2025-01-25
32.06630890107342,15.512033440899323,10.343498815562041,4.84938443839072,10.0,58.2006851445233,2.345979109775074,2025,1,26,0,14.398773351015898,23.152000000000008,Iraq,Wasit,2025-01-26
28.82625962332351,22.030314472833247,13.162742122903769,5.567534477154712,10.0,45.25967493367516,4.491149731647176,2025,1,27,0,13.419724166291653,25.236000000000004,Iraq,Wasit,2025-01-27
21.55065178837281,18.28645681487366,6.733532454181213,2.8014844664763014,10.0,78.21110652911227,4.045173131377173,2025,1,28,0,5.480981562065955,19.830999999999992,Iraq,Wasit,2025-01-28
38.17936015517582,22.79454335395016,13.507685223724229,8.214296233970957,10.0,43.965651048652404,1.469901988740749,2025,1,22,0,14.846068053221185,29.288000000000014,Iraq,Babil,2025-01-22
34.53407606288681,18.021583824536435,8.06850151386211,3.487561768185392,10.0,49.360310156403486,8.363766724497056,2025,1,23,0,7.9515600993223785,25.759999999999994,Iraq,Babil,2025-01-23
24.820992377549324,11.385203888953466,5.190745653903508,5.363793551121683,10.0,32.17005506870792,4.146222446574399,2025,1,24,0,9.91544611107594,17.592,Iraq,Babil,2025-01-24
35.13148864973523,17.3973121109803,7.190149748412608,5.290157569721515,10.0,65.8666350719903,6.433062633710692,2025,1,25,0,7.80680256332848,25.66099999999999,Iraq,Babil,2025-01-25
36.00878545884846,19.526427743190016,14.0814158122101,7.369131123934103,10.0,49.822224196262596,9.538703046606557,2025,1,26,0,8.30521047086552,26.867000000000004,Iraq,Babil,2025-01-26
27.768518660860455,19.778754776413233,7.306340199730226,4.45200207497117,10.0,66.06750428444195,6.134047665832399,2025,1,27,0,10.586389063980565,23.645,Iraq,Babil,2025-01-27
21.243332490096336,18.923246747513353,6.394200064129681,9.167373378179706,10.0,37.90151903567624,5.872656386323797,2025,1,28,0,13.571325081811748,20.109000000000005,Iraq,Babil,2025-01-28
34.06090890517908,15.466924171959402,10.159438905290902,8.97145956518329,10.0,53.30003705475172,2.811322248813894,2025,1,22,0,13.91247143119054,24.029999999999994,Iraq,Karbala,2025-01-22
33.92457743928445,24.448426779223723,9.269462971209496,8.727717364814097,10.0,40.038635954525134,6.084344551472677,2025,1,23,0,13.088754494641888,28.389,Iraq,Karbala,2025-01-23
34.333309896256246,20.47980223993173,12.845698095119412,5.900754669720073,10.0,42.781765580690404,7.143223802800166,2025,1,24,0,14.901029527147784,26.613999999999997,Iraq,Karbala,2025-01-24
26.929171406708292,14.058999863258489,13.564234347427039,9.811319672166624,10.0,66.52607871059499,4.218579150806195,2025,1,25,0,13.002408874735085,19.920000000000005,Iraq,Karbala,2025-01-25
32.29726186704578,21.36178848030719,18.8941151987007,9.732069010427981,10.0,38.68210929490712,2.645785989180462,2025,1,26,0,14.44253213889844,26.17699999999999,Iraq,Karbala,2025-01-26
27.734329664127948,19.451244905226847,19.006200558344265,8.82507849032738,10.0,34.450690612700285,8.896554443190823,2025,1,27,0,10.865855403880428,23.445999999999998,Iraq,Karbala,2025-01-27
39.77754087194231,14.640366938472383,11.59151291255053,1.2774674583715373,10.0,35.30067889545233,6.9428579472435725,2025,1,28,0,14.414673405277158,27.727000000000004,Iraq,Karbala,2025-01-28
26.387124404916662,13.709524790024988,8.447266782640876,6.1967200567188705,10.0,60.16415851081845,2.315982602534795,2025,1,22,0,7.2184639568430295,19.25500000000001,Iraq,Najaf,2025-01-22
38.38151352739206,16.734003630124732,8.64229377569796,3.619002970367452,10.0,47.78183612137795,1.4010189485530078,2025,1,23,0,6.914780575140295,27.676,Iraq,Najaf,2025-01-23
39.79955953654728,13.662577557010923,19.343980387938686,3.0460469674527015,10.0,44.29734272706186,2.5978169136562843,2025,1,24,0,5.800388179442985,27.59500000000001,Iraq,Najaf,2025-01-24
20.55249961245091,13.384335095937686,19.151354611854327,7.214836189432118,10.0,72.45258019626462,7.56934677545442,2025,1,25,0,8.553271039710392,16.605999999999995,Iraq,Najaf,2025-01-25
37.29252029015157,21.759722523715418,7.318933504342226,4.640417476436825,10.0,65.65542044659782,7.339040815319515,2025,1,26,0,5.52383492828273,28.230000000000008,Iraq,Najaf,2025-01-26
31.144371848037686,11.617907107089778,10.257419260500786,3.604788071237407,10.0,47.57733232756075,5.4328667138580835,2025,1,27,0,14.342114583594963,20.561000000000014,Iraq,Najaf,2025-01-27
22.996041006424004,16.906999598912815,13.886360478202551,5.445977843824138,10.0,51.44880422372347,7.390352467953392,2025,1,28,0,10.638908444545585,19.56299999999999,Iraq,Najaf,2025-01-28
29.37586493401478,11.908710574623584,14.248642561218265,0.0057320800309546005,10.0,36.6528964609293,8.53651148913497,2025,1,22,0,14.6469408668224,19.87799999999999,Iraq,Qadisiyah,2025-01-22
33.65169504998009,23.99865354931233,16.226967991373805,8.810586697441474,10.0,59.316746672650225,8.97821500133882,2025,1,23,0,7.588372505895935,27.897999999999993,Iraq,Qadisiyah,2025-01-23
33.87165211734238,22.7905784354086,5.82617559070511,2.9360393215813185,10.0,33.859773877978675,7.262672840076568,2025,1,24,0,5.727393691281676,28.151999999999997,Iraq,Qadisiyah,2025-01-24
33.20163252032091,24.735012215114747,13.090183756719513,2.725845218488007,10.0,71.00153641433417,4.05766716647833,2025,1,25,0,5.18155874958854,28.30000000000002,Iraq,Qadisiyah,2025-01-25
37.86216531275082,22.205875614728193,18.683106780972036,0.20244712828456413,10.0,75.3607415228225,3.7823862822892225,2025,1,26,0,6.414189118126212,29.057000000000002,Iraq,Qadisiyah,2025-01-26
23.87075561105484,19.57534520440366,16.49583749700109,8.008662122830835,10.0,77.86504805907026,6.838727910219103,2025,1,27,0,5.779008159397448,21.608999999999995,Iraq,Qadisiyah,2025-01-27
35.48444623293304,23.30107722802724,5.266390583819135,4.2450377306199325,10.0,33.33334330802902,6.3469305783709,2025,1,28,0,13.721779396656789,28.71899999999999,Iraq,Qadisiyah,2025-01-28
29.958335882067132,15.20950875897924,7.384118560294791,9.652929136787735,10.0,42.05957299762441,2.4867098118748032,2025,1,22,0,9.79440904679183,21.54100000000001,Iraq,Muthanna,2025-01-22
36.93555802069622,17.901869909445054,12.06167445210136,9.857063491152715,10.0,72.23799763042882,6.656517298375846,2025,1,23,0,5.196242711650926,26.996,Iraq,Muthanna,2025-01-23
25.95654801708746,18.55316836685383,12.262474238951402,0.2940422680904664,10.0,58.21430125856913,3.7703960842213027,2025,1,24,0,6.083668947713951,22.246999999999993,Iraq,Muthanna,2025-01-24
25.022254459664385,10.150852383606045,11.953316816001276,3.6425417530463333,10.0,79.29248071015633,3.0138981184154217,2025,1,25,0,11.29791151050945,16.790000000000006,Iraq,Muthanna,2025-01-25
24.30886359072921,18.748512384047668,8.284285118938765,7.017650249574095,10.0,56.9952181068645,3.4292351109335657,2025,1,26,0,10.483817618693184,21.265000000000004,Iraq,Muthanna,2025-01-26
23.618146044421504,16.41900764963167,11.358891767217713,1.1422220354506996,10.0,79.4794898597844,6.2930125906216725,2025,1,27,0,6.626129826745962,19.9,Iraq,Muthanna,2025-01-27
34.09657922634889,12.209036088516637,5.919326288874223,9.827613483575025,10.0,58.95155591884212,2.332618847481229,2025,1,28,0,10.308422399909603,22.605999999999998,Iraq,Muthanna,2025-01-28
31.680598175881126,18.365863040083646,17.570836505651002,3.1961538747474094,10.0,67.85185854874788,2.70055315035392,2025,1,22,0,11.588045099710286,24.435000000000006,Saudi Arabia,Riyadh,2025-01-22
30.310401650140598,17.982681979787543,9.243990984908626,6.809370820526696,10.0,47.89566376144616,5.12368628820967,2025,1,23,0,14.80854007763631,23.383000000000003,Saudi Arabia,Riyadh,2025-01-23
20.62375512895324,13.615275463388379,18.950906845958105,2.8931247847637866,10.0,41.029259737258634,2.5749573686847675,2025,1,24,0,9.72774570898805,16.685,Saudi Arabia,Riyadh,2025-01-24
23.21178282592856,19.52289107721407,14.358284657936512,6.456647062425906,10.0,74.92234688792156,7.982481942106501,2025,1,25,0,9.90867972236923,21.288999999999998,Saudi Arabia,Riyadh,2025-01-25
35.246193418283575,20.589616002332807,18.653585346010736,3.873780890265209,10.0,33.22251564380536,3.9955162656801426,2025,1,26,0,12.226703447870461,27.282999999999987,Saudi Arabia,Riyadh,2025-01-26
37.184372493927015,18.653658846389263,14.95751934439779,4.1322514150820115,10.0,41.73324435949363,6.577943549134487,2025,1,27,0,10.987244355091176,27.124000000000006,Saudi Arabia,Riyadh,2025-01-27
35.17086062373092,21.56872801090222,9.806370860399273,9.31987155238687,10.0,71.45524180401074,5.474561666483327,2025,1,28,0,7.603079893246882,27.795,Saudi Arabia,Riyadh,2025-01-28
25.48967440303837,14.867342321681159,5.962745074835235,4.537753096434044,10.0,61.76935378040009,1.2875816150804478,2025,1,22,0,14.051906867027169,19.610000000000003,Saudi Arabia,Jeddah,2025-01-22
28.99563876233794,15.329682814558605,9.948738926869916,4.2576098953300985,10.0,65.01283162777037,5.1453683343318986,2025,1,23,0,6.621668633024336,20.929000000000023,Saudi Arabia,Jeddah,2025-01-23
39.392281957540845,13.996615433306676,17.416270219775953,2.939644805612346,10.0,38.931091171777304,5.039076468711306,2025,1,24,0,10.383527651447675,27.626000000000012,Saudi Arabia,Jeddah,2025-01-24
33.094728177607855,18.86839192645128,19.304875160768106,3.1715959859903533,10.0,45.47183385036268,3.790542913332898,2025,1,25,0,12.972479565197297,25.133999999999997,Saudi Arabia,Jeddah,2025-01-25
23.175093524211846,12.841682779861202,9.849561108108935,1.3553954382469224,10.0,51.73522505790105,6.688463619009216,2025,1,26,0,10.111935689253173,17.611999999999995,Saudi Arabia,Jeddah,2025-01-26
25.914223064545638,12.289416714092956,12.78974544115772,0.22708993986723325,10.0,37.29531945719099,2.93460006904856,2025,1,27,0,10.396518013019493,18.305999999999994,Saudi Arabia,Jeddah,2025-01-27
38.474199173007015,24.867920215214724,5.478249490974462,2.843479063342089,10.0,37.1121800136627,3.764200501839846,2025,1,28,0,8.7847518595057,31.500999999999994,Saudi Arabia,Jeddah,2025-01-28
23.887625565926914,16.214822678288684,18.4013013640903,1.466362621143803,10.0,76.15911342512521,3.533834776339616,2025,1,22,0,13.148702683355536,19.569999999999997,Kuwait,Kuwait City,2025-01-22
22.907384284458548,19.722770928430194,15.036658442412758,0.9184650110157333,10.0,77.05950928412761,1.660916882805234,2025,1,23,0,11.46914011545083,21.194999999999997,Kuwait,Kuwait City,2025-01-23
21.79592589950159,21.165177760552304,7.7523832582274625,7.5342616093805255,10.0,43.231817094311836,4.643884538217627,2025,1,24,0,9.580878067886744,21.89,Kuwait,Kuwait City,2025-01-24
34.331563754723526,16.25097615845041,10.670471376442151,0.7383960443559101,10.0,48.15383197835639,1.836584493608808,2025,1,25,0,11.987209254471157,24.732,Kuwait,Kuwait City,2025-01-25
34.073876674948565,19.560299473800853,7.481211389717064,2.7932648220282417,10.0,64.3568110047903,7.632834333896461,2025,1,26,0,10.282294706214369,25.879999999999992,Kuwait,Kuwait City,2025-01-26
22.359889364646964,14.969886246080307,18.350610648119797,7.480734288050391,10.0,31.284191090094154,7.660898274450242,2025,1,27,0,5.2904584024639325,18.573,Kuwait,Kuwait City,2025-01-27
39.41450397180036,16.06196226168976,15.237181410191546,2.106371036778926,10.0,62.564918102487646,8.080614780265103,2025,1,28,0,14.406697964861602,27.85600000000001,Kuwait,Kuwait City,2025-01-28
23.834644294860333,21.020533744777516,18.924421406919706,7.089474105494594,10.0,78.8726355553369,5.946606728535034,2025,1,22,0,10.37209724145599,22.31300000000001,Kuwait,Hawalli,2025-01-22
37.96111126330724,23.30535311042476,17.468725407235908,1.7379186632579136,10.0,39.03692344077153,5.502813025583641,2025,1,23,0,9.778930396105412,29.974000000000004,Kuwait,Hawalli,2025-01-23
29.44544419142764,18.147743801230334,9.702246528307265,8.433729855319122,10.0,67.1663893332255,5.775314674656,2025,1,24,0,14.042665497308178,22.841999999999988,Kuwait,Hawalli,2025-01-24
31.325226308842872,12.390858840946201,18.519048767122186,4.9455843103483454,10.0,64.01305612357862,2.466785743054081,2025,1,25,0,13.560505773621244,21.328000000000003,Kuwait,Hawalli,2025-01-25
20.76296506081777,18.70156973124815,5.612320913929045,1.2983447592198494,10.0,65.47806426470538,9.136872813356877,2025,1,26,0,6.74688044695758,19.734999999999992,Kuwait,Hawalli,2025-01-26
34.4625735607057,20.231783332182793,14.641620389657884,7.603184421969512,10.0,38.27640922527368,4.925713403232653,2025,1,27,0,5.999155006429987,26.737999999999985,Kuwait,Hawalli,2025-01-27
31.143436346584984,10.244388863047865,16.33188207003458,7.693569989125006,10.0,47.498972614055035,8.481840990950172,2025,1,28,0,13.207513376248972,20.159999999999997,Kuwait,Hawalli,2025-01-28
39.25248735369816,15.54711844119997,7.966219773492442,7.322461788966694,10.0,76.56857907109554,5.378849765132846,2025,1,22,0,7.940965190588103,27.895000000000003,Jordan,Amman,2025-01-22
25.17033318434383,19.799763323144873,18.616431619388663,0.747941784469327,10.0,59.045817831097835,8.27064033117135,2025,1,23,0,9.29948812094926,22.59700000000001,Jordan,Amman,2025-01-23
37.392809544616476,10.888202997700166,17.83701284007215,6.705394441147795,10.0,64.635530206272,8.675658427357515,2025,1,24,0,8.184418815082125,26.488000000000003,Jordan,Amman,2025-01-24
29.24491678949135,16.989273669478315,5.384802962318104,4.284394017208712,10.0,37.25378741867491,7.198130454595069,2025,1,25,0,9.274937218692,22.663,Jordan,Amman,2025-01-25
23.812237169943195,13.859307867151493,17.92839870160811,8.344095263679856,10.0,78.77494853917896,3.2690992369181004,2025,1,26,0,5.264241525683243,18.10099999999999,Jordan,Amman,2025-01-26
36.59313061569715,10.04288115973263,12.514397237915345,0.21927981314178613,10.0,50.67995565796477,6.785268604684669,2025,1,27,0,6.25655911001208,25.884,Jordan,Amman,2025-01-27
23.567345424609,19.11039102574526,10.291469382132153,8.433497867498989,10.0,50.162623845795714,1.0523908006665166,2025,1,28,0,7.349197994813867,21.24099999999999,Jordan,Amman,2025-01-28
31.42014919454178,11.00722535856592,14.603448334364042,8.632111113517858,10.0,63.74335735974873,3.295782433055761,2025,1,22,0,6.009462898681494,20.012000000000004,Jordan,Zarqa,2025-01-22
34.09547432602819,11.94896306437797,13.587419604427108,0.9785924620294228,10.0,52.58371212318701,7.753976359782661,2025,1,23,0,13.321647968247953,22.197,Jordan,Zarqa,2025-01-23
30.547497425306922,22.43743314172576,17.44112236741269,2.296282811241773,10.0,75.84133276597416,3.500744321009516,2025,1,24,0,5.777026384509252,25.97199999999999,Jordan,Zarqa,2025-01-24
24.02002354310966,19.16176029429129,13.177289090722851,0.334076151438103,10.0,48.845010984878726,5.187691767484166,2025,1,25,0,10.163383007649813,21.44,Jordan,Zarqa,2025-01-25
25.291837639017523,18.773283889824015,14.926909621912833,6.330756575101479,10.0,49.59435287889109,1.6015993153502135,2025,1,26,0,13.688567385005056,21.928,Jordan,Zarqa,2025-01-26
39.03251068470436,21.958905480647793,7.556015190929919,1.133880875824026,10.0,44.16044454613516,3.229754032416391,2025,1,27,0,8.680125614174177,30.033000000000012,Jordan,Zarqa,2025-01-27
27.57930292287137,11.063668165121545,7.098601334026334,5.081528080253609,10.0,63.6861515919715,6.8832224029284275,2025,1,28,0,7.30844568939774,18.497,Jordan,Zarqa,2025-01-28
20.2613763543605,10.417282296701469,14.742869693784147,5.829258500487613,10.0,33.43454320328742,8.773415014196942,2025,1,22,0,14.419516635722877,15.012999999999998,Syria,Damascus,2025-01-22
38.135992515413264,16.012476616808392,5.9956757180342715,3.2594567260875005,10.0,59.36869701762379,4.390780878985661,2025,1,23,0,11.762886261695545,27.657999999999998,Syria,Damascus,2025-01-23
37.70977729121979,17.59669704483072,15.285401481066842,0.9523945667942435,10.0,56.00946929476967,7.726758057244642,2025,1,24,0,11.206681083022847,26.993,Syria,Damascus,2025-01-24
38.401050423394096,15.034954678438377,15.3627912871158,5.148751275444007,10.0,65.34705000123402,9.089346636029214,2025,1,25,0,5.660952461789174,27.395000000000003,Syria,Damascus,2025-01-25
30.974355876026078,23.554640825058154,7.755620556838555,4.138719970903738,10.0,42.50400436980989,6.301127521147272,2025,1,26,0,13.070497014064365,26.909999999999982,Syria,Damascus,2025-01-26
27.6844936022208,15.918409847858372,7.64673168222043,2.7775649466296173,10.0,77.27699058759227,8.479052641925765,2025,1,27,0,11.878632420668026,21.183999999999997,Syria,Damascus,2025-01-27
34.97562729869958,21.071278580360058,16.10838458092008,4.020622529537514,10.0,30.093209171065222,5.95297100497148,2025,1,28,0,6.0365567631537145,27.20599999999999,Syria,Damascus,2025-01-28
34.64105593794243,18.342574638701954,9.499480618802412,5.882466085686241,10.0,78.37694175259497,7.425255084602688,2025,1,22,0,8.19118342514115,25.897999999999993,Syria,Aleppo,2025-01-22
23.956365519237252,20.879730491551417,19.456247877175137,3.5669859661006376,10.0,65.21518758854347,3.062757056051824,2025,1,23,0,5.299725513191546,22.307000000000016,Syria,Aleppo,2025-01-23
35.57373416141678,10.299089087230422,8.64211580176662,5.642318525132134,10.0,79.81135116020461,2.4620855866847737,2025,1,24,0,5.422956911411674,23.630000000000006,Syria,Aleppo,2025-01-24
25.049468629746926,13.332023022257927,19.580714413041775,9.953265710830122,10.0,31.266111368738322,4.741215398463494,2025,1,25,0,5.7590310310103385,18.588000000000005,Syria,Aleppo,2025-01-25
30.533356396004177,15.26863839964672,7.829026256072036,3.07635580734523,10.0,32.13146850392265,1.8298503655710823,2025,1,26,0,8.667888887735007,22.368000000000002,Syria,Aleppo,2025-01-26
37.84701816307489,16.043849980969945,5.784919973036961,1.8953030003001237,10.0,52.55237533991392,7.138657655800173,2025,1,27,0,8.038340295255553,27.345,Syria,Aleppo,2025-01-27
27.86175950147053,19.868699609065754,16.52774996803233,3.5465029911960544,10.0,71.39304743367175,2.71474277749706,2025,1,28,0,11.372652938522222,23.596,Syria,Aleppo,2025-01-28
33.80881156626902,18.36586620316035,9.249190572825112,4.845982260001023,10.0,34.72301144918249,8.739817920033031,2025,1,22,0,8.570724493740371,25.711,Turkey,Istanbul,2025-01-22
36.038554245610854,20.20474238348575,11.273349448871157,7.059950560860877,10.0,71.81191340392773,3.0202894367532336,2025,1,23,0,10.878723884416969,27.294999999999995,Turkey,Istanbul,2025-01-23
36.72019765843362,16.828329192181144,8.999677374265351,6.753521883703955,10.0,54.95701685494046,3.172330902757024,2025,1,24,0,11.13093508261479,26.775,Turkey,Istanbul,2025-01-24
32.39993743378625,19.203245182777408,15.392110336092708,7.234873072943426,10.0,62.09738199187465,4.72953942436074,2025,1,25,0,9.48686019238044,24.961999999999975,Turkey,Istanbul,2025-01-25
36.45016960472909,22.037077844051684,17.005142306316397,9.560099739924045,10.0,76.45302755586782,2.3619905025539802,2025,1,26,0,5.985618842621427,28.258000000000003,Turkey,Istanbul,2025-01-26
29.142259741117492,21.387996006087768,16.238133253290272,0.7855458816590288,10.0,34.10888774023454,3.0371212020567704,2025,1,27,0,9.292222112477184,24.818999999999992,Turkey,Istanbul,2025-01-27
35.67267918429976,13.79676440539929,6.9954581605062085,3.3429442830206737,10.0,49.26303359553668,5.764678899256728,2025,1,28,0,11.095000504859529,24.844,Turkey,Istanbul,2025-01-28
35.75003786855557,23.807322048544194,11.805037790295799,2.009609183020001,10.0,61.55033291111597,4.625636534824476,2025,1,22,0,8.641923375030514,29.101000000000003,Turkey,Ankara,2025-01-22
31.171559814514936,15.793526526754558,9.465389439926518,1.8922364789977408,10.0,40.98045344097906,9.718912809386897,2025,1,23,0,5.149663982750824,23.068999999999992,Turkey,Ankara,2025-01-23
22.098406215605518,23.346782339156547,6.83418369908788,9.19442721903438,10.0,47.84474068563979,3.117563206983763,2025,1,24,0,10.230796346142228,23.778,Turkey,Ankara,2025-01-24
28.677464082586972,13.814920489527502,14.813718390134989,3.7046412331782896,10.0,31.70359907194188,3.1921071351584716,2025,1,25,0,13.11386951697777,20.651,Turkey,Ankara,2025-01-25
38.83130012302075,15.290428714774864,6.842793365975156,9.986016872079569,10.0,55.67878585286988,4.4653340217657025,2025,1,26,0,6.588033132055995,27.85,Turkey,Ankara,2025-01-26
37.60424577834793,18.111081230784297,11.706551438987042,1.0779727551088891,10.0,53.00361334213544,7.526588838645436,2025,1,27,0,14.075168841123034,27.309000000000015,Turkey,Ankara,2025-01-27
21.559244095581736,20.246058768598594,11.898612890556086,5.010768083141545,10.0,71.57860289177218,8.286924179263472,2025,1,28,0,12.96298692145821,20.818999999999992,Turkey,Ankara,2025-01-28
39.331349977370365,20.884563227984323,6.103537076231905,0.7708331230390131,10.0,41.03119535220212,9.103637827712618,2025,1,22,0,12.290236814909154,29.360000000000003,Iran,Tehran,2025-01-22
39.96511994003393,14.54021701333866,18.633001845241928,0.35474253251001175,10.0,38.06441573278655,2.2445844050613086,2025,1,23,0,5.601486524875897,27.63700000000001,Iran,Tehran,2025-01-23
35.61273313262335,17.31717685290677,7.003155817666597,3.850076755271786,10.0,76.0808005018927,6.956665219871409,2025,1,24,0,14.509464124051101,26.118,Iran,Tehran,2025-01-24
27.593858567092113,16.742328625188193,10.825581151860032,4.739001983984686,10.0,38.37348614078239,2.0224121022151573,2025,1,25,0,14.149023266344742,21.651000000000003,Iran,Tehran,2025-01-25
35.21416370627716,12.954859577551192,17.12742807538922,8.4834933638241,10.0,51.35975823902121,3.517257826568038,2025,1,26,0,8.82653351870203,23.007999999999996,Iran,Tehran,2025-01-26
32.28378055243085,20.318131530283097,7.702628492965809,6.651214336280253,10.0,74.1967086455827,6.0600382001517925,2025,1,27,0,7.23945046304168,25.772000000000016,Iran,Tehran,2025-01-27
39.54677542768164,16.99002314956889,8.376438647101274,2.8142308376690996,10.0,30.68819590417174,1.0538413355162817,2025,1,28,0,14.504623050082916,27.963000000000008,Iran,Tehran,2025-01-28
32.769659782833095,15.884438751494315,15.24805152941533,5.715972547853518,10.0,64.00335832543419,7.129290625487071,2025,1,22,0,8.99027821693922,23.639,Iran,Mashhad,2025-01-22
27.48563423902375,23.383236404774493,18.566197759610567,7.707379292928187,10.0,65.73818384617209,6.998791127814472,2025,1,23,0,7.991240179580079,25.30800000000001,Iran,Mashhad,2025-01-23
33.98145230018405,11.970222889211218,12.312936306494453,8.812566906024312,10.0,51.41854727675273,3.820686281408374,2025,1,24,0,13.567122442575899,22.196000000000005,Iran,Mashhad,2025-01-24
36.27603513086707,11.691123063371224,16.00237605833764,8.999109756828362,10.0,69.21606604905185,3.7291291098387847,2025,1,25,0,11.103306643677566,25.771000000000004,Iran,Mashhad,2025-01-25
30.308643384670532,19.876968387425514,8.52313078117372,1.9501689891196794,10.0,32.721208225179424,7.853877727792955,2025,1,26,0,11.608861100636858,24.640000000000004,Iran,Mashhad,2025-01-26
23.098859042592984,23.421316252509882,14.765761692054689,3.387826020427378,10.0,38.273770500076914,5.996533969428412,2025,1,27,0,5.726989803707667,23.808000000000007,Iran,Mashhad,2025-01-27
29.43005772160798,16.46910207773045,13.85145030718249,6.545033441438067,10.0,62.12345543586908,5.806685629352401,2025,1,28,0,11.562989873767533,22.177999999999994,Iran,Mashhad,2025-01-28
38.24567644074663,15.555839033927949,12.850367860056622,8.878592267792381,10.0,79.13574957136103,3.36081449715636,2025,1,22,0,8.716383750920464,27.516000000000005,Egypt,Cairo,2025-01-22
26.231674963717545,19.85453599894968,8.341218777479186,1.27748523832531,10.0,65.67415652217875,8.617740728083087,2025,1,23,0,5.563967512984504,22.921,Egypt,Cairo,2025-01-23
23.446146585838527,12.876740667602316,8.468977984914403,2.0477022071411644,10.0,58.45385179545977,1.7148109389049024,2025,1,24,0,13.287943869615859,17.59499999999999,Egypt,Cairo,2025-01-24
23.850991629346453,12.305236926141884,8.267302886219955,1.7624712511020602,10.0,68.60053298450681,2.858070889244939,2025,1,25,0,9.368150544273325,17.495,Egypt,Cairo,2025-01-25
28.844822017697247,16.491701046759104,5.981516299786519,8.942944487555206,10.0,49.27729760571064,1.9383114073729801,2025,1,26,0,10.628066745153895,22.124000000000002,Egypt,Cairo,2025-01-26
21.255946258337865,10.659873031713973,6.584472512992047,7.752334828698446,10.0,43.054707641472085,4.427105791427839,2025,1,27,0,14.084703983951462,15.737999999999998,Egypt,Cairo,2025-01-27
24.75601606545724,17.177210338281757,14.998667956532145,2.995169518765648,10.0,41.52207520562583,1.3976936597210337,2025,1,28,0,6.228272555788975,20.679999999999996,Egypt,Cairo,2025-01-28
36.38538714428557,22.80773435417361,7.999467134464101,7.658464505048722,10.0,46.175629953737065,7.887269422003012,2025,1,22,0,13.992741665346287,29.129999999999985,Egypt,Alexandria,2025-01-22
22.47928067572559,20.609601645399216,17.48638756936346,4.0624423540765875,10.0,54.548404119178514,7.921063272795924,2025,1,23,0,5.142332708096672,21.541,Egypt,Alexandria,2025-01-23
29.85912359087917,18.811651154691738,9.681780526841088,3.879623963864777,10.0,45.83968357063927,9.133629606101834,2025,1,24,0,14.310060349130051,23.905000000000005,Egypt,Alexandria,2025-01-24
22.163365356901863,13.790060826837149,9.619929859056956,1.3168819897088901,10.0,51.61743944303007,7.0817160677026,2025,1,25,0,9.366311682400553,17.735999999999994,Egypt,Alexandria,2025-01-25
33.77056770268919,10.794873700671769,7.688571416750667,9.568837088408559,10.0,58.10201190904715,5.019145185007963,2025,1,26,0,14.971079987951029,21.473000000000003,Egypt,Alexandria,2025-01-26
31.922552495953152,13.166635566235538,11.592875344938582,9.064308240938944,10.0,66.2343092191924,9.006888797628648,2025,1,27,0,8.079987184169948,22.329000000000004,Egypt,Alexandria,2025-01-27
26.677982255546013,21.40789920016443,9.026557786811615,7.451329407699428,10.0,78.56374581703476,5.174946175798418,2025,1,28,0,6.427385609578886,23.899,Egypt,Alexandria,2025-01-28
22.30752907247539,16.42843619700229,18.1872494730233,8.771766064274082,10.0,61.60293009983806,2.0667142888182655,2025,1,22,0,11.66467072114628,19.21699999999999,Lebanon,Beirut,2025-01-22
35.318591132193276,17.374009144943937,9.840932208366796,1.9836845323742192,10.0,46.45327549429362,1.8096271499383305,2025,1,23,0,10.436870222844126,25.712,Lebanon,Beirut,2025-01-23
31.08051565041928,18.434242765791822,15.144365965740617,6.382280673810017,10.0,42.87316108566045,2.6386167143063095,2025,1,24,0,7.057288888992664,24.052,Lebanon,Beirut,2025-01-24
36.38032102909476,16.474033236804587,18.42852869390834,0.2097333848236993,10.0,77.4811111975068,2.3462247774083673,2025,1,25,0,6.610962236383438,26.21400000000001,Lebanon,Beirut,2025-01-25
20.33747727544861,10.553565869926759,5.811195222099197,4.87912385489695,10.0,32.33365415526361,4.095527800140491,2025,1,26,0,13.957058438390842,15.130999999999995,Lebanon,Beirut,2025-01-26
36.18408383253823,23.87340526839148,10.764488909372439,5.94540101785369,10.0,79.30080019729297,2.9018306315476714,2025,1,27,0,11.392515780660306,29.163,Lebanon,Beirut,2025-01-27
20.926087282143815,23.830677227717384,13.434049882295282,2.6444998524000307,10.0,48.75692440928567,5.628669245192576,2025,1,28,0,12.1626642677042,24.09100000000002,Lebanon,Beirut,2025-01-28
29.671492729679848,24.423353805770788,16.996483618159804,7.866865437862142,10.0,31.83236672189934,6.342221268314894,2025,1,22,0,9.731878557786661,26.90400000000001,Lebanon,Tripoli,2025-01-22
28.65545938899787,24.033634227983484,15.712574267237168,2.543355379594728,10.0,58.3477756926272,7.438499447636664,2025,1,23,0,8.578500907957268,26.04500000000001,Lebanon,Tripoli,2025-01-23
22.86724133919288,18.7459354463702,18.148070580672297,6.101473119782982,10.0,44.179188969791156,4.350122092696571,2025,1,24,0,5.3421818991914,20.658999999999992,Lebanon,Tripoli,2025-01-24
22.70638702001947,10.415946121902145,19.456438501974645,5.15475334076692,10.0,32.434477509814556,9.167214673121878,2025,1,25,0,5.746225720166562,15.856999999999998,Lebanon,Tripoli,2025-01-25
35.74628057671817,16.529381974891468,8.4338903260658,5.9954170083186344,10.0,77.48394876651531,4.614689168979808,2025,1,26,0,14.720285742792637,25.871,Lebanon,Tripoli,2025-01-26
30.726899687780403,10.492282566917293,5.886595841582787,6.292672073162326,10.0,73.44222836020154,5.947193322916473,2025,1,27,0,12.48889835667274,19.834999999999997,Lebanon,Tripoli,2025-01-27
36.45802968199103,18.45345916148853,13.74041263621426,2.9531808123806313,10.0,64.28293080607833,9.869167539594669,2025,1,28,0,8.296040097046784,27.05399999999999,Lebanon,Tripoli,2025-01-28
28.511899321762677,10.881712198577794,12.808298485772532,5.368465995032787,10.0,35.96265227432471,6.263333314331738,2025,1,22,0,14.893036041705527,19.358999999999995,UAE,Dubai,2025-01-22
23.124419284057826,12.74294535490486,18.469192799687285,1.9116180783781722,10.0,78.40908678241715,7.529072726675979,2025,1,23,0,8.814428993922725,17.181999999999984,UAE,Dubai,2025-01-23
25.288671915052866,19.431672831023622,10.829308539466844,9.243283892148698,10.0,70.86711342800079,9.899060652770036,2025,1,24,0,10.603302915219524,22.228000000000005,UAE,Dubai,2025-01-24
23.556280334974012,20.190273727629908,10.077120650469794,3.8918513916736073,10.0,78.84994189581279,4.370121697443314,2025,1,25,0,13.3316495523358,21.900000000000006,UAE,Dubai,2025-01-25
27.256185436078503,24.451555208291587,19.570298423124726,3.1964871477846666,10.0,71.31315309774452,7.762638660228136,2025,1,26,0,13.277474733158723,25.807000000000006,UAE,Dubai,2025-01-26
26.59126242933966,24.903637483647643,5.672359220898706,5.11460243349563,10.0,35.514446158477384,7.201109605094636,2025,1,27,0,13.066542482311524,25.705,UAE,Dubai,2025-01-27
24.3180796293641,21.458118051028265,11.599023177692054,8.136309435787178,10.0,78.23411015578849,1.6199365842236597,2025,1,28,0,14.582779570078474,22.948999999999998,UAE,Dubai,2025-01-28
22.619809519955393,11.627497791351894,16.167363011434055,8.278823071910995,10.0,75.99366395922604,4.136884187878081,2025,1,22,0,12.13945779677338,16.309,UAE,Abu Dhabi,2025-01-22
37.53579174147286,21.776330578919207,9.488718274200465,2.0513727549006755,10.0,58.59437777682764,4.509520880459075,2025,1,23,0,12.816693425369134,28.595999999999993,UAE,Abu Dhabi,2025-01-23
27.290456009586325,12.369554806483642,7.409830105049776,4.997461159102926,10.0,31.99974090207006,3.124613072831405,2025,1,24,0,8.289784656154957,19.429,UAE,Abu Dhabi,2025-01-24
20.533753629590016,18.0865120387057,15.58634868949595,0.07686941284248627,10.0,39.521345714662594,6.372526245253661,2025,1,25,0,8.145298563527287,19.296,UAE,Abu Dhabi,2025-01-25
26.194270351595772,12.296265165307634,7.07514884237262,2.14194030674989,10.0,33.244272567841065,4.362339173028011,2025,1,26,0,6.8123322489296365,18.343000000000004,UAE,Abu Dhabi,2025-01-26
22.07405118507332,16.554174114804074,9.633119554651087,8.252815349300285,10.0,33.354641206002114,2.1814625618900574,2025,1,27,0,12.117094534280751,19.237999999999996,UAE,Abu Dhabi,2025-01-27
22.45309337938565,17.771223741641336,6.943979047242084,2.6830655922090108,10.0,43.10251568056512,2.5476570322797096,2025,1,28,0,12.707803042180839,20.185,UAE,Abu Dhabi,2025-01-28
26.45390074041548,16.891419040704474,16.426981894491043,2.6990684610340034,10.0,76.15474509977652,2.0147082253814816,2025,1,22,0,8.26165009790797,21.193,Qatar,Doha,2025-01-22
26.693596687328665,15.898821597583105,7.115620286961836,2.9437259995121234,10.0,32.32193254923138,9.447746934491004,2025,1,23,0,10.052065056075204,21.083999999999993,Qatar,Doha,2025-01-23
36.30450765774978,18.609785105203503,11.060581456569917,7.926078121089754,10.0,44.008921402538014,9.862248633476684,2025,1,24,0,7.5718182011188615,26.998,Qatar,Doha,2025-01-24
29.607270644685148,13.042819542701025,15.51660413194093,1.5506314824935452,10.0,33.629599728976004,6.549130475114873,2025,1,25,0,5.71658723467025,20.82199999999999,Qatar,Doha,2025-01-25
21.196483005255836,24.180990235761122,7.388479042903777,8.615518840512921,10.0,75.80146532153434,9.46313721510535,2025,1,26,0,7.497280871371629,24.203000000000007,Qatar,Doha,2025-01-26
37.77491658460035,11.883137885305079,8.282731104267437,8.349078822735391,10.0,45.376210618982874,2.8931559638898183,2025,1,27,0,9.516361626651051,27.041000000000007,Qatar,Doha,2025-01-27
34.63595036312751,24.920882273579558,17.48626151181805,7.981827143818451,10.0,40.675044206467675,3.697780733395496,2025,1,28,0,7.346123973948132,28.958000000000006,Qatar,Doha,2025-01-28
30.582188769436343,13.293857872669303,16.934225585371486,4.738932110775558,10.0,50.02447446930176,3.836801848520153,2025,1,22,0,9.19122099808887,21.57400000000001,Qatar,Al Wakrah,2025-01-22
30.50852687080028,18.71760557272303,15.737248387610263,9.599533728835397,10.0,76.46637845233613,8.121149094443403,2025,1,23,0,9.214233442499857,23.83399999999999,Qatar,Al Wakrah,2025-01-23
29.15280897470301,19.800222314227156,14.550200114945923,2.205136754945678,10.0,37.103674951860604,9.44275142349121,2025,1,24,0,8.537959104090387,23.945999999999998,Qatar,Al Wakrah,2025-01-24
38.18199057701085,17.611051452031496,12.68237568024244,0.8758305699853641,10.0,57.877509826626834,4.177165949541988,2025,1,25,0,11.339212183809924,27.543000000000006,Qatar,Al Wakrah,2025-01-25
39.36489303609635,17.028286848919777,7.294620809010418,7.361806328876581,10.0,54.69939438986293,1.4919477693441863,2025,1,26,0,11.641327860828463,28.009,Qatar,Al Wakrah,2025-01-26
23.86719218282659,22.747651263540103,15.5587886322689,4.830661923038868,10.0,32.6054382144358,4.608325974543788,2025,1,27,0,8.859878852028757,23.534000000000006,Qatar,Al Wakrah,2025-01-27
27.690613767437675,15.932401729625262,13.545049978418792,5.785055006298653,10.0,61.139580782462794,8.66464378442044,2025,1,28,0,6.589886125124995,21.103000000000012,Qatar,Al Wakrah,2025-01-28
37.503817816205355,12.956210839608614,11.682251647432762,5.5939692523829905,10.0,71.11884820785457,4.901402403950084,2025,1,22,0,13.801997674821314,26.595999999999993,Oman,Muscat,2025-01-22
22.254931370477745,24.68344288437084,19.580475956450506,8.051157193446718,10.0,57.64114149824678,2.375401613983491,2025,1,23,0,10.623565173911302,24.250000000000014,Oman,Muscat,2025-01-23
30.19076962727715,23.68443965481434,8.94733456434895,4.263114964238005,10.0,33.40991502854492,1.0643956733905355,2025,1,24,0,13.18630725325177,26.73,Oman,Muscat,2025-01-24
24.666106275614318,17.584513618304666,18.3923114751236,5.268273187329655,10.0,76.6629416593032,4.405427148616399,2025,1,25,0,5.225524805739196,20.82,Oman,Muscat,2025-01-25
24.13494816466447,12.052999977968074,7.436400018006003,8.991148072953925,10.0,55.476343987167944,3.9553300927373063,2025,1,26,0,8.375679071740873,17.59499999999999,Oman,Muscat,2025-01-26
26.426300402472645,15.54673593161445,15.995185113044464,0.7239482919946849,10.0,60.24206045382926,8.429490854188433,2025,1,27,0,5.17814197432287,20.361000000000004,Oman,Muscat,2025-01-27
27.771508510603187,24.732334204924257,15.735975310220825,1.8918043923145333,10.0,42.35620245159386,1.2597511956296472,2025,1,28,0,9.538933316573242,25.865,Oman,Muscat,2025-01-28
20.676072341519294,12.409339108913521,8.381906315435526,4.710776646859699,10.0,78.39867906145832,4.9764403334724125,2025,1,22,0,6.043053777848448,16.038999999999998,Oman,Salalah,2025-01-22
30.48302916714112,13.06318314371751,15.057108370882238,8.485168132017458,10.0,63.20402933556068,7.116690441567091,2025,1,23,0,7.337860202695625,21.293999999999997,Oman,Salalah,2025-01-23
29.144119643218442,21.693908058875813,12.995831302711267,4.104070401769761,10.0,56.43685172079732,3.15341708693057,2025,1,24,0,6.379081423687146,25.15700000000001,Oman,Salalah,2025-01-24
27.377447564546408,18.738976468883273,7.743220431796494,1.9357213466957324,10.0,61.198865893316594,6.688691203427441,2025,1,25,0,8.062975863082924,22.596,Oman,Salalah,2025-01-25
38.50035766073634,20.127929508096614,17.198306886052897,5.418002793280394,10.0,62.69789783286366,2.2444203860529806,2025,1,26,0,8.608932008152589,27.731999999999992,Oman,Salalah,2025-01-26
20.8477892845302,23.380603511436277,9.912128756816104,9.857222965466045,10.0,33.39146955364756,1.480004682232353,2025,1,27,0,13.64203661995702,23.793999999999997,Oman,Salalah,2025-01-27
30.32624152736888,11.094540573943492,14.456139209603014,5.82275694855327,10.0,69.11328164886422,5.603147517523984,2025,1,28,0,5.976591481622114,20.050000000000004,Oman,Salalah,2025-01-28
38.14351996271647,24.37960542609669,7.7921321685921265,8.877429332241732,10.0,64.4453861665242,1.1534983559245107,2025,1,22,0,12.255914137916445,30.569000000000003,Yemen,Sana'a,2025-01-22
29.161628483428103,15.691904073919789,5.238070199285595,8.667585501669272,10.0,32.81249286651934,9.926777565978668,2025,1,23,0,5.648024035496907,22.057999999999982,Yemen,Sana'a,2025-01-23
31.931040107719,21.79393090511696,17.137031551946514,5.497231294275195,10.0,76.72493751611512,5.852074281613862,2025,1,24,0,14.844570997848724,25.981000000000012,Yemen,Sana'a,2025-01-24
26.35506692414026,23.023834159445194,14.093477434542875,8.220942905095963,10.0,53.32936099195731,7.345250518410542,2025,1,25,0,8.44450826441799,24.725000000000005,Yemen,Sana'a,2025-01-25
34.47382099652589,23.309521760917697,12.706401638959337,1.9810963845891627,10.0,66.30874145369299,8.874529907319296,2025,1,26,0,13.081580612196571,28.253999999999984,Yemen,Sana'a,2025-01-26
24.06414194672329,22.55016444954486,9.380117619342107,4.144621951426103,10.0,35.03438980814833,9.924546372870523,2025,1,27,0,12.684435870206443,23.361,Yemen,Sana'a,2025-01-27
33.163438447166655,21.310407250801163,9.40181717610105,3.3104049211700506,10.0,43.825844854760845,8.28243737000404,2025,1,28,0,7.438208128952891,26.652999999999988,Yemen,Sana'a,2025-01-28
25.564555445627484,13.281035246653248,7.591702799740677,2.591931977994487,10.0,65.26858106726849,6.757094683771558,2025,1,22,0,13.434085736193357,18.858999999999995,Yemen,Aden,2025-01-22
20.4809838291265,20.7344855030696,11.863935692426852,8.4223481217812,10.0,77.40496084640768,3.7081397270910244,2025,1,23,0,12.053068742913435,21.16199999999999,Yemen,Aden,2025-01-23
25.762990423419957,12.983459174732271,8.206830143576576,5.409090058362621,10.0,53.28864079411028,6.99005812188795,2025,1,24,0,9.95404206704455,19.033000000000005,Yemen,Aden,2025-01-24
20.61979898469302,16.067474706183845,8.409904600525719,3.376571603385241,10.0,42.60414160326788,3.0962788556613665,2025,1,25,0,9.465879274595208,18.237000000000002,Yemen,Aden,2025-01-25
25.900452631198505,10.225680907490268,14.837367778855548,3.216112128406159,10.0,55.367075802380626,5.3960845688933565,2025,1,26,0,7.16591560019605,17.579999999999988,Yemen,Aden,2025-01-26
39.31411348039309,24.13159661814586,14.779236548119622,2.8886007766899935,10.0,50.370874728795926,4.664953792952411,2025,1,27,0,6.122984795247631,31.05500000000001,Yemen,Aden,2025-01-27
37.68463188162934,11.699130784071814,5.287934615224414,9.557345292855423,10.0,46.522469009800645,7.036716454693421,2025,1,28,0,8.030712693888557,26.727000000000004,Yemen,Aden,2025-01-28
25.459427626326097,21.271559026105805,8.081762705206584,3.5751750971103657,10.0,57.469291878232426,4.199951564629881,2025,1,22,0,6.132323110577298,23.43200000000002,Armenia,Yerevan,2025-01-22
34.25872953587965,18.863314688764866,7.971584044375895,2.77488475033652,10.0,73.2006627117693,6.089834776039569,2025,1,23,0,5.91920052984154,25.831000000000003,Armenia,Yerevan,2025-01-23
39.95042402425321,16.257534083304336,17.12569969370694,7.6252752863443956,10.0,61.17802916675958,4.0581790071549255,2025,1,24,0,8.13195218133501,27.85200000000001,Armenia,Yerevan,2025-01-24
30.302587038144953,19.616304633136927,14.609696291091737,5.4348643114040325,10.0,64.27070503774257,7.645911461975395,2025,1,25,0,11.709768195888536,24.316000000000003,Armenia,Yerevan,2025-01-25
23.839158389177953,13.801494999534594,10.627126488555074,5.86791644754017,10.0,30.29452255530894,8.240856102333787,2025,1,26,0,14.752650429881395,18.295999999999996,Armenia,Yerevan,2025-01-26
38.63442149714315,21.123875687027287,6.4667442949883105,9.186767510142765,10.0,67.93143055974502,4.346926170639887,2025,1,27,0,14.773771515318174,29.305999999999997,Armenia,Yerevan,2025-01-27
29.295218238963045,23.97957870871952,18.300051616702206,9.537899049932106,10.0,57.74851741260112,9.327976853022871,2025,1,28,0,9.050300619496,26.555999999999994,Armenia,Yerevan,2025-01-28
27.748161433279954,22.90284495805879,18.81853735154238,4.7868132089758655,10.0,77.23563557945546,5.6597737055152155,2025,1,22,0,5.931316071298812,24.996000000000002,Armenia,Gyumri,2025-01-22
28.059403603351875,13.270136673843451,13.845318322952105,7.256263771081573,10.0,38.48456228384657,9.94386625990202,2025,1,23,0,6.971023948241296,19.686999999999998,Armenia,Gyumri,2025-01-23
28.269596133837517,12.365074600206798,18.0994116068081,7.049536877768039,10.0,79.69722137969529,4.09541533017839,2025,1,24,0,13.547672822613128,19.475,Armenia,Gyumri,2025-01-24
30.26613301131242,23.030853116224524,6.342463321432319,0.3768992837638907,10.0,57.98470652907654,8.724965553985141,2025,1,25,0,6.774451728607423,26.266,Armenia,Gyumri,2025-01-25
22.80379168672251,23.88813453519697,18.15563402588964,4.063963978547321,10.0,50.130351628251915,8.644463896335132,2025,1,26,0,14.237029297169968,24.10400000000002,Armenia,Gyumri,2025-01-26
29.239596653483833,10.544376440688154,14.534494482610674,2.210430805950957,10.0,58.22729985308601,4.0316729746366935,2025,1,27,0,6.3953374498504365,19.215,Armenia,Gyumri,2025-01-27
36.72628116771206,19.039378139042622,9.54559635719425,6.802327732358857,10.0,55.497999426365624,1.814337464507564,2025,1,28,0,8.015416349412003,27.097000000000012,Armenia,Gyumri,2025-01-28
35.5189524780319,10.822960116773755,16.68996848715748,9.029339108474709,10.0,49.83511089426938,7.301744152044595,2025,1,22,0,7.014648244855647,23.416999999999994,Azerbaijan,Baku,2025-01-22
39.01779647859534,16.52386545925767,13.388751111090762,5.94030786314383,10.0,57.838968406607485,2.19348657114744,2025,1,23,0,8.792234818671918,27.88899999999999,Azerbaijan,Baku,2025-01-23
31.763092335930757,24.58194924934783,9.612506719015462,1.946772123127285,10.0,56.914662358864575,7.95670270653997,2025,1,24,0,11.967746781330014,27.830000000000013,Azerbaijan,Baku,2025-01-24
21.80647559667053,11.607908954866,16.236972380265804,6.773893804154925,10.0,68.6363787953137,8.822694546892908,2025,1,25,0,11.857734527200936,16.002,Azerbaijan,Baku,2025-01-25
39.58390006863898,14.306249157224318,14.55697123991048,7.602032990873581,10.0,40.31761949393011,9.272798727829993,2025,1,26,0,7.797174240481631,27.741000000000014,Azerbaijan,Baku,2025-01-26
26.165989539287484,22.728523773416676,7.053701082194799,0.25783431155437686,10.0,78.47299281536478,9.111196848995153,2025,1,27,0,14.024629270702652,24.56600000000001,Azerbaijan,Baku,2025-01-27
29.592170106925423,21.59473076287526,11.490901603506185,8.742364501462164,10.0,40.43986300359559,4.642336184590653,2025,1,28,0,9.541817776335517,25.275999999999968,Azerbaijan,Baku,2025-01-28
34.223290117663424,24.515082181661366,13.879002184954324,7.028206040185122,10.0,33.62972874431598,8.562754278805432,2025,1,22,0,9.572684622512533,28.866000000000007,Azerbaijan,Ganja,2025-01-22
22.74027934161832,20.98550129312447,12.169820348331218,5.873777817464157,10.0,30.79696684177282,5.6354295473053915,2025,1,23,0,5.694109590209472,21.723,Azerbaijan,Ganja,2025-01-23
21.843664628656768,11.24873032121868,18.341167536538997,4.741676175227964,10.0,44.07433221353044,1.4546236957630043,2025,1,24,0,5.2138606691134175,15.923999999999996,Azerbaijan,Ganja,2025-01-24
24.18677833434009,12.559362046255316,14.61961547796575,9.793823437552199,10.0,60.504615343297736,8.765998894932352,2025,1,25,0,13.208012975824841,17.695000000000004,Azerbaijan,Ganja,2025-01-25
39.41301620016807,14.828065048763218,12.807584754952995,1.8458721334839334,10.0,73.83234861294261,7.111594017235367,2025,1,26,0,11.814316329251255,27.697000000000006,Azerbaijan,Ganja,2025-01-26
33.38420543648554,18.07863363745215,14.321041139470053,6.1181199894160985,10.0,69.28987406440328,9.740301101215918,2025,1,27,0,8.13581681940258,25.101000000000003,Azerbaijan,Ganja,2025-01-27
23.621687508557326,22.19673232283258,12.82221883161575,4.777628027558517,10.0,65.14364405028456,3.418012271406877,2025,1,28,0,8.670077840516985,22.933999999999983,Azerbaijan,Ganja,2025-01-28
22.273523576393938,14.882241181579563,14.69550085289622,5.339648816075472,10.0,31.725291574150578,5.955020686381206,2025,1,22,0,7.31445681223131,18.139,Georgia,Tbilisi,2025-01-22
29.041769531529518,17.282934451386193,9.310366437891709,1.6281690055681974,10.0,37.22121472739734,6.7081748602426154,2025,1,23,0,5.742037528227476,22.66300000000001,Georgia,Tbilisi,2025-01-23
35.1505771497255,24.42950597929658,8.322366689715166,4.91939498062909,10.0,75.34754417220631,2.666744250915927,2025,1,24,0,11.768934104345204,29.201999999999988,Georgia,Tbilisi,2025-01-24
30.88349455243449,21.318358553253923,9.024587091110448,8.936254477543024,10.0,43.8695737055769,3.706386749360277,2025,1,25,0,10.937629805172904,25.471,Georgia,Tbilisi,2025-01-25
23.863420731507542,20.113135975336235,11.038671805625205,0.7345628913434099,10.0,64.40696137970264,1.0145841768489003,2025,1,26,0,13.707239000710272,22.052999999999994,Georgia,Tbilisi,2025-01-26
37.07961489183247,13.857598714879392,9.967919809958456,8.886739552499403,10.0,36.892288554736794,3.6339154790431754,2025,1,27,0,5.199108888843104,26.485,Georgia,Tbilisi,2025-01-27
32.438792101976645,19.580034472404492,14.454194119598053,4.462629321579616,10.0,61.62307956294757,2.8964930010376486,2025,1,28,0,12.131319011426497,25.083999999999982,Georgia,Tbilisi,2025-01-28
37.20780208047187,21.553075362979037,15.261291292189009,0.09789778437896635,10.0,76.96638267420164,8.46570566880518,2025,1,22,0,13.323030114231338,28.47199999999999,Georgia,Batumi,2025-01-22
34.91425545954072,13.07086384371928,9.13671382541033,4.540482771607043,10.0,34.558610481619695,2.6892199315309,2025,1,23,0,13.767732618625631,23.166000000000004,Georgia,Batumi,2025-01-23
32.28199155423616,13.783374390395494,11.561624734687072,6.508346275247664,10.0,43.77808879268841,7.8402886955238085,2025,1,24,0,12.103215370460257,22.685999999999993,Georgia,Batumi,2025-01-24
20.853371589779258,21.689022811268778,18.236142533375578,2.94476796003437,10.0,42.58464579243612,7.52984162148414,2025,1,25,0,10.708768424759137,22.291999999999998,Georgia,Batumi,2025-01-25
34.139189931325326,21.19893656996041,14.154660581378396,2.488279544339236,10.0,53.95638631342959,1.1201548779292234,2025,1,26,0,11.984766675709105,26.94900000000002,Georgia,Batumi,2025-01-26
37.50269141407,23.861377634066926,12.662602331275796,0.011155640058643224,10.0,33.850062921899124,7.916863632472391,2025,1,27,0,12.608522699822476,30.322999999999997,Georgia,Batumi,2025-01-27
37.733767546181745,14.390464190341788,13.203426293513528,8.343257703215258,10.0,31.325951841802812,9.44169208517453,2025,1,28,0,13.143741607772043,26.864,Georgia,Batumi,2025-01-28
23.782437884271832,22.636480539396146,11.611448434275031,0.4062167838344144,10.0,64.28357591537326,6.289989003101949,2025,1,22,0,8.256224751571636,23.273999999999997,Afghanistan,Kabul,2025-01-22
20.016097964407436,20.165055576562356,11.711736710628907,3.4511723785462154,10.0,57.46242898243982,3.104789534899198,2025,1,23,0,11.536388842121472,20.588999999999988,Afghanistan,Kabul,2025-01-23
31.000108333716135,24.133157236272254,19.243171155775528,7.728191736789699,10.0,64.42010649057215,6.799508093011502,2025,1,24,0,11.882626887611071,26.996999999999993,Afghanistan,Kabul,2025-01-24
29.2115517652105,11.515948139885378,10.233080782625951,7.452360896695389,10.0,60.82031386527784,9.45022543165753,2025,1,25,0,11.097681979215725,19.364,Afghanistan,Kabul,2025-01-25
38.23027255387489,10.989613772767699,19.59720899194864,6.599830423124436,10.0,63.59683645399652,7.238543725719298,2025,1,26,0,5.025057124173507,27.156000000000002,Afghanistan,Kabul,2025-01-26
23.62175457974974,10.945122362946682,17.934688431695797,0.5902196690627415,10.0,76.89781185939388,5.408269504809974,2025,1,27,0,5.50608736474366,16.576999999999995,Afghanistan,Kabul,2025-01-27
33.18753468925746,15.78009685552335,9.42921597605596,8.177307906964908,10.0,47.64767813442405,7.415685149658681,2025,1,28,0,6.564760798928023,23.645,Afghanistan,Kabul,2025-01-28
22.858458686649335,21.36028783859347,15.854041417670782,6.700829099875595,10.0,52.78096782403081,4.751361803251238,2025,1,22,0,12.311259023221698,22.20700000000001,Afghanistan,Herat,2025-01-22
34.663213809354644,21.42195529081119,17.97728654819968,6.0670885813046995,10.0,38.518634061527735,5.963003694754371,2025,1,23,0,7.7922955309131225,27.34100000000001,Afghanistan,Herat,2025-01-23
30.20386921001652,17.48647521936152,19.625085751317847,1.6038994439352294,10.0,69.99860822751891,1.4620734378460614,2025,1,24,0,14.522570551530908,22.646000000000008,Afghanistan,Herat,2025-01-24
20.365938594104566,13.99265358685357,12.201018697698533,7.543299945773456,10.0,32.60098004078506,5.088091554156522,2025,1,25,0,6.771291008702559,17.06999999999999,Afghanistan,Herat,2025-01-25
38.91726125700302,22.212219338133718,14.168193790364363,5.90024062808448,10.0,41.81058639545054,8.246385364439522,2025,1,26,0,10.628469826774294,29.97,Afghanistan,Herat,2025-01-26
32.64484336891948,19.544725284316726,6.211602151439727,5.025542288060785,10.0,49.4016192920808,5.119845200243013,2025,1,27,0,7.667687948331939,25.07699999999997,Afghanistan,Herat,2025-01-27
37.801189739350875,15.145834463496097,14.753624600783786,1.7706987062650625,10.0,70.19233357701029,9.905457755277135,2025,1,28,0,9.464045945294568,27.130000000000006,Afghanistan,Herat,2025-01-28
29.399624383456825,10.597330883146393,12.264600898034132,2.1922842111320637,10.0,58.044016255586214,7.432317925141479,2025,1,22,0,12.164778560208248,19.41100000000001,Pakistan,Islamabad,2025-01-22
33.34659822519199,23.925869489645354,17.09960293628104,4.787721678431804,10.0,64.20158318649041,5.237148803896847,2025,1,23,0,13.494693754621604,27.738000000000003,Pakistan,Islamabad,2025-01-23
26.51076001930657,13.134573824970884,8.879883672207331,8.056847188252984,10.0,79.15961154789056,4.609103094895025,2025,1,24,0,8.910547461100837,19.42300000000001,Pakistan,Islamabad,2025-01-24
36.750360128201876,14.851805615740588,6.810601001344956,1.8620381281262333,10.0,48.719119870660435,3.192758614026257,2025,1,25,0,8.281475456511002,26.200000000000003,Pakistan,Islamabad,2025-01-25
27.210534428061926,17.760710264438753,15.983281424019111,2.648816011345423,10.0,77.91278164167736,3.0356142422107,2025,1,26,0,10.69632395941655,21.915999999999986,Pakistan,Islamabad,2025-01-26
21.757424271568418,16.48413548214885,7.619559509651216,5.687906814446073,10.0,44.1854840468343,3.0586325823653446,2025,1,27,0,11.993030721811163,18.959,Pakistan,Islamabad,2025-01-27
37.87022936677727,23.447384487288893,8.25369653717296,7.173987972095945,10.0,42.530080330303,1.7236838117308058,2025,1,28,0,8.964437163018795,30.00099999999999,Pakistan,Islamabad,2025-01-28
22.507056145719872,14.808139868638886,11.117456870849207,8.050328943222198,10.0,53.3461429963254,4.946848330377259,2025,1,22,0,7.313643229562804,18.211000000000002,Pakistan,Karachi,2025-01-22
27.517400694834066,20.3728399944171,8.950626255558564,5.658315262085005,10.0,79.41435860141425,6.219823957696707,2025,1,23,0,10.718010337730352,23.61500000000001,Pakistan,Karachi,2025-01-23
30.664342055321146,13.039350401030209,5.185800882204631,3.1923696453659254,10.0,45.582487590300026,7.726246864749506,2025,1,24,0,9.575497978503291,21.796000000000003,Pakistan,Karachi,2025-01-24
25.641672571698386,21.172555651528192,12.045339122452118,2.319108314297862,10.0,74.62468623908725,7.330596053647062,2025,1,25,0,14.840076735854751,23.43800000000001,Pakistan,Karachi,2025-01-25
33.22483356046232,10.555010717644844,5.6029764392491,5.324783967452876,10.0,63.65060560000438,4.005263229943729,2025,1,26,0,7.13674524635736,21.506,Pakistan,Karachi,2025-01-26
23.36349220095349,11.39910172458031,16.06389423865558,8.980091532848164,10.0,75.90624708264235,4.816841295150834,2025,1,27,0,11.236309230087475,16.715000000000003,Pakistan,Karachi,2025-01-27
32.05514751523585,23.15879078461993,14.538878299281992,8.131635843496763,10.0,65.77725865042368,7.818954009376694,2025,1,28,0,5.8949612833909,26.793000000000017,Pakistan,Karachi,2025-01-28
26.796391991472817,18.33673047580428,10.907170816092684,3.126457483640177,10.0,79.68874443384655,6.354729468633788,2025,1,22,0,7.328027775805137,22.149,India,New Delhi,2025-01-22
32.38208053622696,11.275545643192165,6.619926809942179,0.009898830736855269,10.0,43.73421973668576,3.7204924434445634,2025,1,23,0,8.97592183160727,21.718999999999987,India,New Delhi,2025-01-23
36.25427725802436,10.468262176197696,7.9401354352951135,0.2595843196259795,10.0,31.46474503779972,9.0103502685095,2025,1,24,0,7.667022078749438,25.989,India,New Delhi,2025-01-24
31.4908237075609,20.253142182967878,11.821541042301966,3.6798020961167266,10.0,66.52992265903859,9.669431620666103,2025,1,25,0,12.128731495398434,25.09099999999998,India,New Delhi,2025-01-25
25.197278084987172,13.68606311083423,18.70228067716153,8.01706897228043,10.0,47.074310268104725,8.426441618257012,2025,1,26,0,9.942008606569239,18.666000000000007,India,New Delhi,2025-01-26
35.374559366100236,16.339394490477517,16.08812732157981,5.815817563062601,10.0,52.52493791374344,5.34090335368151,2025,1,27,0,10.515020944980545,25.45099999999999,India,New Delhi,2025-01-27
33.39054280021982,10.943468972854564,5.298922536290355,6.7540485371856676,10.0,37.713325139600286,4.214855597056771,2025,1,28,0,6.235797829408295,21.482999999999997,India,New Delhi,2025-01-28
28.49656206826154,17.3979815461119,18.284394307969436,8.828921379702727,10.0,51.168157849372236,3.503413758182106,2025,1,22,0,13.747721589705288,22.304000000000006,India,Mumbai,2025-01-22
26.105561808756846,13.50250790253665,6.24664481487963,7.516491695843981,10.0,63.88928637447317,4.442207045098043,2025,1,23,0,5.512084429900492,19.306000000000008,India,Mumbai,2025-01-23
36.60415531087263,23.20155963972033,11.694534325016743,7.752438993589359,10.0,57.858559969678325,5.435088328679324,2025,1,24,0,11.486458165174653,29.048000000000012,India,Mumbai,2025-01-24
22.31105683843812,19.867958618629267,14.228063870925943,7.574001719586447,10.0,74.83292607695873,2.6497181293834924,2025,1,25,0,7.866710372642846,21.115000000000006,India,Mumbai,2025-01-25
28.1044982314299,16.971290232450478,9.998948711477915,2.966172642072805,10.0,35.56095299565787,7.661663741170997,2025,1,26,0,9.58015053037624,21.943999999999996,India,Mumbai,2025-01-26
35.44407754688716,22.944408109253196,17.293546878413544,9.473674601848394,10.0,44.36132831933481,2.707817977158303,2025,1,27,0,14.700833889299357,27.968000000000004,India,Mumbai,2025-01-27
31.79142096792411,15.438608154936187,18.041638007769976,1.1251957531765178,10.0,41.907785137261364,5.336923655658477,2025,1,28,0,13.210266937486876,22.746000000000013,India,Mumbai,2025-01-28
23.71111492848093,10.745886858100654,14.858682259117925,3.140796899631153,10.0,37.4415878941758,7.434489588748839,2025,1,22,0,6.538791453126677,16.75099999999999,Turkmenistan,Ashgabat,2025-01-22
36.55348390963688,10.231351071518667,13.514668175180557,1.6729765825846155,10.0,73.6730883517051,4.784983018926079,2025,1,23,0,5.943843959133951,25.892,Turkmenistan,Ashgabat,2025-01-23
37.705177538532794,15.876707540906942,5.31827818179461,6.079570586750622,10.0,66.66958361003935,7.530750366037436,2025,1,24,0,7.718234454213027,27.057000000000002,Turkmenistan,Ashgabat,2025-01-24
30.669675213710114,18.815403107809537,6.84775398336029,2.7818178634087354,10.0,67.82557734755095,8.162774206508093,2025,1,25,0,8.814829942400628,24.357999999999993,Turkmenistan,Ashgabat,2025-01-25
30.708302973921604,10.371500615028836,5.8984943700065715,9.219818620983691,10.0,45.635378133302595,2.167168092596666,2025,1,26,0,11.745894388345302,20.17,Turkmenistan,Ashgabat,2025-01-26
23.319915835810857,13.589514706967087,8.270486143955871,2.5208025142546306,10.0,62.87218602100215,5.105353947961033,2025,1,27,0,10.854581000857515,17.942999999999998,Turkmenistan,Ashgabat,2025-01-27
39.98456951761973,16.91101663587007,7.7930866255929425,7.471135944724847,10.0,52.14280383115344,6.840200409667841,2025,1,28,0,5.638770808848327,28.112,Turkmenistan,Ashgabat,2025-01-28
29.07940764702078,17.969658100008484,14.812713379696186,2.2405202574439445,10.0,66.66177042643221,6.01902870763422,2025,1,22,0,11.622547764887681,22.54499999999999,Turkmenistan,Mary,2025-01-22
35.19817291544303,14.535330636248972,18.54128659214748,9.525547442817441,10.0,41.90698961405944,4.030036998635399,2025,1,23,0,9.229672928239909,24.022999999999996,Turkmenistan,Mary,2025-01-23
21.788130884607313,11.974627285530179,7.3994446868696375,6.492304134357337,10.0,33.389971740619885,7.333445326275412,2025,1,24,0,14.212676737401669,16.647000000000013,Turkmenistan,Mary,2025-01-24
24.832912636907373,24.079911474214644,9.334546251152972,9.295754948666389,10.0,41.36694621601256,6.710109756283027,2025,1,25,0,5.233476277291629,24.361000000000008,Turkmenistan,Mary,2025-01-25
28.82578487251829,16.6020509895637,5.427873527426291,2.1597653301665853,10.0,64.60658670662986,1.0051925143600742,2025,1,26,0,5.843859548640275,22.211999999999993,Turkmenistan,Mary,2025-01-26
34.12802098635717,14.901813984078316,7.59424151189816,0.7910370981261117,10.0,44.114697233712974,1.0528036451822842,2025,1,27,0,5.311274339866603,24.00299999999999,Turkmenistan,Mary,2025-01-27
39.87050305964825,23.12305512593413,13.520576710955483,2.0862487754760184,10.0,74.36972141744923,7.514503880017868,2025,1,28,0,14.174408879742774,31.044999999999995,Turkmenistan,Mary,2025-01-28
32.047760511160085,12.764661270741273,13.697189992667816,2.9560264566171757,10.0,38.14902110835952,9.436009255131154,2025,1,22,0,5.569458621380713,22.507,Uzbekistan,Tashkent,2025-01-22
29.244713580172096,17.653707796906225,6.482761756072777,1.2409333680724577,10.0,32.017377110857666,7.938707100548425,2025,1,23,0,7.79551151343718,22.949999999999978,Uzbekistan,Tashkent,2025-01-23
29.74539745911955,10.14777234752983,10.13683058608812,1.0631591255624362,10.0,37.16612013626313,4.154119786475875,2025,1,24,0,14.22383015500732,19.848000000000006,Uzbekistan,Tashkent,2025-01-24
35.7010432412156,20.380535277746702,12.226098146752369,5.166444237437222,10.0,45.66277739665524,6.741189853115867,2025,1,25,0,8.5808951846935,27.28199999999999,Uzbekistan,Tashkent,2025-01-25
28.424274237378686,17.943732363230534,6.077039332975703,8.065642961921451,10.0,58.003404424121044,4.261216375666039,2025,1,26,0,10.5844665851243,22.64100000000001,Uzbekistan,Tashkent,2025-01-26
32.1212624021927,13.606708652470447,6.6599579382868,4.826448156794065,10.0,42.143994095289074,6.61897014397,2025,1,27,0,13.933890158786955,22.598999999999997,Uzbekistan,Tashkent,2025-01-27
29.044599333188415,10.360618667367996,15.01664450731925,9.853214499538005,10.0,59.14387527117518,7.017024709482838,2025,1,28,0,7.887623004299912,18.506000000000004,Uzbekistan,Tashkent,2025-01-28
27.31882149815457,19.90760783079188,17.314065364739626,3.902247724223483,10.0,31.049940710744018,4.889028554917344,2025,1,22,0,7.088063587901305,23.605000000000004,Uzbekistan,Samarkand,2025-01-22
22.758851694743015,23.977894815332014,19.091918206565488,3.2157376301827822,10.0,63.384533434690894,2.74023809034078,2025,1,23,0,8.156951945943268,24.12800000000002,Uzbekistan,Samarkand,2025-01-23
34.85625412083252,22.434680854252242,7.606498504902725,3.3708584251068165,10.0,71.12659643431881,2.052323624799404,2025,1,24,0,13.853904940888704,27.63700000000001,Uzbekistan,Samarkand,2025-01-24
34.809029296754105,23.629671428136813,16.30201972234569,9.573494218989666,10.0,31.98992593488511,4.020616086214655,2025,1,25,0,14.261813692999914,28.50299999999999,Uzbekistan,Samarkand,2025-01-25
29.25131894359406,14.975617892044802,8.186412598480754,5.343259696951733,10.0,71.41255227443753,2.4355193555185997,2025,1,26,0,11.041327838232938,21.05,Uzbekistan,Samarkand,2025-01-26
37.854333457717566,17.947101454873106,5.113094339809852,1.1411664158776258,10.0,68.98599212095799,3.3786759067812437,2025,1,27,0,5.066543385626914,27.83900000000001,Uzbekistan,Samarkand,2025-01-27
22.776778664831852,16.07055119333699,13.492437759885945,8.91806891126888,10.0,43.60721324999372,8.555007158138885,2025,1,28,0,11.002121418551685,19.258999999999986,Uzbekistan,Samarkand,2025-01-28
25.571345679333692,24.64312823801685,14.969573864078992,2.7916800772337136,10.0,44.5623006764319,4.781582751647909,2025,1,22,0,11.09775691641563,25.083999999999996,Kazakhstan,Astana,2025-01-22
36.127145423003576,10.300502576351162,16.47151181355501,8.657082983223912,10.0,66.59736902932534,5.517166338775656,2025,1,23,0,6.259475042203362,25.636999999999997,Kazakhstan,Astana,2025-01-23
37.30632258894876,21.640842429653066,11.850221450742541,8.604079010842746,10.0,48.786146224450405,9.750577588936755,2025,1,24,0,14.613450826515628,28.121000000000016,Kazakhstan,Astana,2025-01-24
36.21067034541524,24.82479429527973,12.460938186885798,0.29872479101710425,10.0,39.31982473584782,7.97348798831443,2025,1,25,0,5.93103738982676,30.229999999999983,Kazakhstan,Astana,2025-01-25
20.677626484199923,12.78150794778024,12.433002688881835,6.014760568476626,10.0,57.23347625523691,8.207303350630273,2025,1,26,0,8.58247441465263,16.321000000000005,Kazakhstan,Astana,2025-01-26
22.444983157279655,12.75791709046266,7.498310205573732,3.2190537939758865,10.0,62.738088127612095,3.1552816188733632,2025,1,27,0,10.164101436754647,17.147999999999996,Kazakhstan,Astana,2025-01-27
23.081542784631395,12.072994496067313,17.05724620556741,2.7380717464162965,10.0,45.461200471232274,2.5169710125932343,2025,1,28,0,12.006581711699255,16.894000000000002,Kazakhstan,Astana,2025-01-28
27.291933076040362,15.738150912008628,7.385194153312524,9.772154134522081,10.0,70.54518139235222,1.7515338022236144,2025,1,22,0,14.110933521632248,20.80800000000001,Kazakhstan,Almaty,2025-01-22
28.709265413289984,18.041420579283102,18.229617624545927,7.801412317827325,10.0,40.94572840078172,2.1621859677308315,2025,1,23,0,8.447589654834683,22.58399999999999,Kazakhstan,Almaty,2025-01-23
22.789435983986518,10.472457253130523,13.898346136251538,5.020875125723595,10.0,30.280502575289226,6.933444364384551,2025,1,24,0,12.933208107630936,15.928999999999991,Kazakhstan,Almaty,2025-01-24
33.33317409030376,24.106547125503642,17.542466200987203,9.280644254645706,10.0,51.10958124809025,9.11593716756013,2025,1,25,0,13.400899397000929,27.820999999999998,Kazakhstan,Almaty,2025-01-25
24.496269074232075,22.314102743647297,5.442695885513166,6.319285227637941,10.0,40.23620209673204,7.578042641051439,2025,1,26,0,12.954169848368018,23.297000000000004,Kazakhstan,Almaty,2025-01-26
26.439297642365418,24.051503180129746,8.463987094433358,5.07358414511522,10.0,41.857620235555224,7.968545979023715,2025,1,27,0,7.954620342691432,25.195999999999998,Kazakhstan,Almaty,2025-01-27
25.695916128560675,11.712201038244684,10.414929109775729,7.004510848303313,10.0,46.44999182318542,9.603359685453006,2025,1,28,0,7.052732127964311,18.137000000000004,Kazakhstan,Almaty,2025-01-28
